RU,EN,HY
BetConstructAI — Админ-панель,,
Персонал,,
Выйти,,
Игра,,
Платёжная система,,
Платформа,,
Инструмент,,
Лицензия,,
Аффилейт,,
Маркетинг,,
Чтение заявок,,
Вход для персонала,,
Пароль,,
Войти,,
Вход для персонала (демо: логин/пароль вшиты).,,
вход сотрудника с ролью «Админ» по логину или email + пароль,,
Неверный email или пароль,,
У аккаунта нет владельца-сотрудника,,
владельца,,
не подключён Gmail,,
Укажите получателя и текст,,
Отправка…,,
Письмо отправлено,,
Ошибка,,
Ошибка сети,,
Обновлено,,
Роль обновлена,,
Новый пароль,,
Доступ отключён,,
Доступ включён,,
Удалить сотрудника? Он потеряет доступ в кабинет.,,
Сотрудник удалён,,
Нет подключения к базе,,
выход отмечен,,
вход отмечен,,
сейчас,,
1) собрать по каждому устройству имя/контакт (контакт есть только в событии входа,,
"2) сгруппировать: по контакту (единый человек через все устройства) или по устройству, если контакта нет",,
EU · Азия,,
"Провайдер crash/instant игр, RTP 97%, сертификат iTech Labs.",,
"USDT/BTC + локальные методы LATAM, расчёты T+1, PCI DSS.",,
Трафик Tier-2,,
"SEO + PPC, ~200k кликов/мес, EPC €0.42, вертикаль казино.",,
Casino Suite слоты,,
"5000+ слотов, совместимость с BetConstruct Casino Suite.",,
Гость #4821,,
Ани Петросян,,
Здравствуйте! Интересует крипто-казино для LATAM,,
Здравствуйте! Подскажу по решению. Какой упор — слоты или ставки?,,
Слоты + немного live,,
Гость #4820,,
Хочу разместить свою игру на платформе,,
"Отлично! Заполните форму «Стать партнёром» в Marketplace, дальше веду вас я.",,
Гость #4815,,
Армен Казарян,,
Какие лицензии нужны для EU?,,
Подключу юриста — Лилит уточнит детали по юрисдикции.,,
Стадии ровно как в Zoho CRM партнёра,,
"Проверить email, завести лид",,
Подтверждена возможность,,
Согласован scope с партнёром,,
PM: активная разработка,,
Проект Live,,
Операционный флоу из 7 шагов (движок сделки,,
Договор (DocuSign) → подпись партнёра → setup fee оплачен,,
Запрос PM и Service Sales (во время шага 2,,
Групповой канал PM + Партнёр,,
Разработка и настройка (~3–4 недели,,
Передача проекта Account Manager,,
Сделка,,
Быстрый доступ,,
AI-советник,,
Регистрация,,
Вход,,
Быстрый доступ → Live,,
Стать партнёром,,
Гость #4818,,
Products → Подробно,,
Запусти казино за 2 недели,,
WonderWheel — оффер недели,,
Крути колесо,,
Дашборд,,
Заявки на продукт,,
Сотрудники,,
Аккаунты,,
Соглашения,,
Задачи,,
Чат,,
Документы,,
Аналитика,,
Контент,,
Сводка платформы на,,
Посетителей всего,,
Сегодня,,
Заявок на модерации,,
Одобрено вендоров,,
Sales в сети,,
Активных сделок,,
Самые посещаемые разделы,,
Ждут модерации,,
Кто в сети,,
● в сети,,
Никого нет в сети.,,
Входящие лиды,,
Кто сейчас на сайте,,
Гость,,
Сейчас никого нет на сайте (за 5 мин).,,
Последние пути посетителей,,
Пока нет событий.,,
Открытые задачи,,
Открыть,,
Открытых задач нет.,,
Сделки по стадиям,,
"Партнёры-производители, ожидающие проверки (KYB). Одобрите и присвойте бейдж.",,
Аффилейт / Маркетинг,,
Заявки аффилейтов и маркетинг-агентств.,,
Продукт,,
Ценность,,
Функции,,
Модель,,
Цена,,
Языки,,
Валюты,,
Комплаенс,,
Сайт,,
Email (логин кабинета,,
Телефон (логин кабинета,,
Контактное лицо,,
Подробнее,,
На проверке,,
Отклонён,,
Отклонить,,
Вернуть на проверку,,
показов,,
кликов,,
⚠ Запрос на восстановление доступа,,
Обработано,,
Регионы,,
Контакт,,
Вендор,,
кабинет партнёра активирован,,
Возвращён на проверку,,
Запрос отмечен обработанным,,
Юрист,,
Модератор,,
Финансы,,
Админ,,
"Вся команда, кто онлайн, каналы связи. Нажмите на имя — откроется личный кабинет сотрудника с его лидами, сделками и перепиской по сделкам.",,
Всего в команде,,
Сейчас в сети,,
Кто сейчас в сети,,
Новый сотрудник,,
Имя и фамилия,,
Гор Казарян,,
Роль,,
Email (корпоративный,,
Создать и выдать доступ,,
Команда,,
Все отделы,,
Имя,,
Сеть,,
Логин / пароль,,
Доступ,,
‹ Вся команда,,
Телефон,,
Лиды,,
Сделки,,
Письма,,
Смен,,
Продажи и выплаты,,
Сделок,,
К выплате,,
Конверсия,,
Чаты менеджера,,
Выплата поставлена в очередь,,
Отметить выплату,,
Присутствие,,
Дата,,
Почтовая переписка по сделкам,,
Укажите имя,,
Создан,,
вход в кабинете активен,,
Скопировано,,
CRM · воронка партнёра (Zoho,,
"6 стадий вашего пайплайна. Двигайте карточки ◀ ▶, нажмите карточку — операционный флоу из 7 шагов.",,
На паузе / Потеряно,,
завершено,,
Шаги,,
7 · далее,,
не назначен,,
‹ Все сделки,,
стадия,,
◀ Стадия назад,,
Стадия вперёд ▶,,
Ответственные по ролям,,
Операционный флоу · 7 шагов,,
Отмечайте шаги по мере выполнения. Каждый шаг закреплён за ролью.,,
Соглашение и оплата (шаг 2,,
Договор подписан (DocuSign,,
Setup fee оплачен,,
Полноценный модуль соглашений (замена DocuSign) — следующий блок.,,
Переписка по клиенту,,
История сделки,,
Система,,
Стадия →,,
Стадия,,
снят,,
Договор,,
нет,,
Статус →,,
Потеряно,,
На паузе,,
В работе,,
Статус обновлён,,
Аналитика посетителей,,
"Кто заходил, что нажимал, куда шёл. Всего посетителей",,
сегодня,,
% посещаемости разделов,,
Каждый гость — по уникальному коду устройства (комп/телефон). Код из 6 знаков.,,
Воронка визита → лид,,
Поисковые запросы,,
--- Аналитика Marketplace: по продуктам и услугам партнёров ---,,
Партнёр,,
Проверен,,
Аналитика Marketplace,,
Пока нет продуктов в каталоге.,,
сводка по типу партнёра,,
лид.,,
Продукт / услуга,,
Тип,,
Показы,,
Клики,,
В корзину,,
Демо,,
Конв.,,
Итоги Marketplace,,
Клики (CTR,,
Добавлений в корзину,,
Запросов демо,,
Лидов всего (конв.,,
По типу партнёра,,
Продукты и услуги — воронка показ → клик → лид,,
Запрос демо,,
Корзина интересов,,
Новые,,
Выиграно,,
Проиграно,,
Отдел продаж,,
"Присутствие, лиды и результаты по каждому менеджеру.",,
В сети сейчас,,
Лидов всего,,
Лидов за 7 дней,,
Лиды по источнику,,
Лиды по статусу,,
Топ запрашиваемых продуктов,,
ведёт,,
клиент без владельца,,
Пока нет лидов.,,
Рейтинг по сменам (график чат-смен,,
Всего смен и смен по выходным. Day 09:00–18:00 · Evening 18:01–01:59 · Night 02:00–08:59.,,
Сотрудник,,
Всего смен,,
Выходные,,
Нет данных по сменам. Выполните,,
в Supabase.,,
Присутствие сотрудников,,
Только просмотр. Отмечать вход/выход можно в карточке сотрудника (Сотрудники → имя).,,
Нет смен за эту дату.,,
Итого за,,
○ не в сети,,
Чаты и каналы,,
База данных не подключена.,,
внутренний канал,,
посетитель,,
‹ Все каналы,,
Фото/видео,,
Написать…,,
Посетители (Hoory,,
Kickoff · партнёры,,
Внутренние каналы (Pandayo,,
Живой чат с посетителями + внутренние и kickoff-каналы. Обновление вживую (~3.5с).,,
Новый внутренний канал,,
📎 файл,,
Сообщений пока нет.,,
Менеджер,,
Загрузка…,,
Отправлено,,
Название внутреннего канала,,
Канал создан,,
Kickoff-канал уже есть,,
Kickoff-канал создан для проекта «,,
». Участники: PM,,
+ партнёр.,,
Kickoff-канал создан,,
Контент и управление index,,
Создавайте баннеры и управляйте главной страницей.,,
Новый баннер,,
Заголовок,,
Заголовок баннера,,
Подзаголовок,,
Короткое описание,,
Опубликовать баннер,,
Баннеры на index,,
Разделы index (вкл/выкл,,
Live сейчас,,
Промо-баннер,,
Все разделы,,
⚠ В демо это визуальные переключатели. В проде — управляют реальными блоками index через бэкенд/конфиг.,,
Заголовок пуст,,
Баннер опубликован,,
Баннер удалён,,
Раздел включён,,
Раздел выключен,,
ДОКУМЕНТЫ + ХРАНИЛИЩЕ,,
Хранилище недоступно,,
Выберите файл,,
Общее,,
Документ загружен,,
Удалить документ?,,
Договоры,,
Лицензии,,
KYB / Комплаенс,,
Партнёрские,,
Медиа,,
Прочее,,
"Договоры, лицензии, партнёрские файлы, медиа. Хранятся в защищённом бакете.",,
Загрузить документ,,
Название,,
Напр. Договор с Provider X,,
Категория,,
"Файл (фото, видео, PDF, документ",,
Загрузить,,
Файлы,,
Все категории,,
СОГЛАШЕНИЯ (замена DocuSign,,
Черновик,,
Подписано,,
Завершено,,
Между: BetConstructAI,,
Провайдер,,
1. ПРЕДМЕТ. Провайдер предоставляет Партнёру доступ к платформе iGaming и услуги по запуску проекта.,,
2. SETUP FEE. Единовременный установочный платёж,,
оплачивается до старта разработки.,,
3. СРОКИ. Запуск проекта — ориентировочно 3–4 недели после оплаты и передачи материалов.,,
5. ЛИЦЕНЗИЯ И КОМПЛАЕНС. Партнёр обеспечивает наличие необходимых лицензий в целевых юрисдикциях.,,
6. КОНФИДЕНЦИАЛЬНОСТЬ. Стороны сохраняют конфиденциальность коммерческих условий.,,
Подпись Партнёра: ____________________,,
1. Партнёр размещает свой продукт/услугу в Marketplace BetConstructAI.,,
2. Комиссия платформы и условия расчётов согласуются сторонами отдельно.,,
3. Setup fee (при наличии,,
4. Модерация (KYB) обязательна до публикации листинга.,,
5. Партнёр отвечает за качество и легальность своего продукта.,,
СОГЛАШЕНИЕ О НЕРАЗГЛАШЕНИИ (NDA,,
Между: BetConstructAI и,,
Укажите партнёра,,
Черновик соглашения создан,,
Нет email партнёра,,
Соглашение на подпись,,
Ссылка на подписание,,
Отправлено партнёру на подпись,,
Отмечено: подписано,,
Отмечено: setup fee оплачен,,
Соглашение,,
Документ сгенерирован и сохранён в «Документы»,,
Удалить соглашение?,,
Соглашения · замена DocuSign,,
"Договор → отправка партнёру → подпись → оплата setup fee. Привязка к сделке, автосохранение в «Документы».",,
Новое соглашение,,
Сделка (необязательно,,
без привязки,,
Название компании партнёра,,
Шаблон,,
Подписант (имя,,
Имя партнёра,,
Email подписанта,,
Создать черновик,,
ЗАДАЧИ / ЗАПРОСЫ РЕСУРСОВ (замена Jira,,
Открыто,,
Блок,,
Готово,,
Название задачи пусто,,
Задача создана,,
Назначить PM на проект,,
Подключить Service Sales,,
Созданы запросы ресурсов (PM + Service Sales,,
Удалить задачу?,,
исполнитель,,
Задачи · запросы ресурсов (Jira,,
Внутренние задачи отделов и запросы PM/Service Sales. Двигайте карточки ◀ ▶ по статусам.,,
Новая задача,,
Что нужно сделать,,
Задача отдела,,
Запрос ресурса,,
Отдел,,
Исполнитель,,
Приоритет,,
Срок,,
Описание,,
Детали,,
Создать задачу,,
Доска задач,,
АККАУНТЫ · чей клиент/партнёр + импорт,,
компан,,
имя,,
клиент,,
партн,,
контакт,,
лицо,,
почт,,
телефон,,
тел,,
владел,,
менедж,,
ответствен,,
менеджер,,
тип,,
стад,,
статус,,
источник,,
система,,
примеч,,
коммент,,
лид,,
База недоступна,,
Не найдено строк. Нужен CSV с заголовками.,,
Импорт,,
строк…,,
Готово: +,,
новых,,
обновлено,,
Укажите компанию,,
Аккаунт добавлен,,
Владелец,,
Удалить аккаунт?,,
--- Переписка по аккаунту (омниканальный инбокс) ---,,
Имя контакта пусто,,
Контакт добавлен,,
Текст пуст,,
Записано в переписку,,
Звонок,,
Заметка,,
‹ Все аккаунты,,
Контакты,,
Должность,,
Telegram (@ник,,
Добавить контакт,,
Записать сообщение вручную,,
Канал,,
Направление,,
Входящее,,
Исходящее,,
Тема (для email,,
Текст,,
Добавить в переписку,,
Пока каналы не подключены — записываешь вручную. После интеграции сообщения будут падать сюда автоматически.,,
Написать письмо клиенту (Gmail,,
Отправляется от имени владельца аккаунта,,
и попадает в переписку. Нужен подключённый Gmail у владельца.,,
Кому (email,,
Тема,,
Отправить,,
Переписка,,
Аккаунты · чей клиент / партнёр,,
Всего аккаунтов,,
Клиенты,,
Партнёры,,
Без владельца,,
Импорт из файла (CSV,,
…или вставьте CSV сюда,,
Импортировать,,
Добавить вручную,,
Компания / клиент,,
Клиент,,
Лид,,
Добавить,,
Реестр,,
Компания,,
Email / тел,,
Источник,,
